{"cameraMode":{"drawMode":0,"name":"Shaded","section":"Shading Mode"},"sceneLighting":true,"audioPlay":false,"sceneViewState":{"showFog":true,"showMaterialUpdate":false,"showSkybox":true,"showFlares":true,"showImageEffects":true,"showParticleSystems":true},"in2DMode":false,"pivot":{"x":-939.587158203125,"y":4309.853515625,"z":-745.0624389648438},"rotation":{"x":0.08854521811008454,"y":0.2799583971500397,"z":-0.025941187515854837,"w":0.9555695056915283},"size":1240.804931640625,"orthographic":false}