{"cameraMode":{"drawMode":0,"name":"Shaded","section":"Shading Mode"},"sceneLighting":true,"audioPlay":false,"sceneViewState":{"showFog":true,"showMaterialUpdate":false,"showSkybox":true,"showFlares":true,"showImageEffects":true,"showParticleSystems":true},"in2DMode":false,"pivot":{"x":7.737037181854248,"y":12.397642135620118,"z":25.019926071166993},"rotation":{"x":-0.37319836020469668,"y":-0.6047726273536682,"z":0.38203027844429018,"w":-0.5907894968986511},"size":72.61763000488281,"orthographic":false}