{"cameraMode":{"drawMode":0,"name":"Shaded","section":"Shading Mode"},"sceneLighting":true,"audioPlay":false,"sceneViewState":{"showFog":true,"showMaterialUpdate":false,"showSkybox":true,"showFlares":true,"showImageEffects":true,"showParticleSystems":true},"in2DMode":false,"pivot":{"x":-1341.3043212890625,"y":4776.91650390625,"z":-528.6672973632813},"rotation":{"x":-0.24533648788928986,"y":-0.7201002836227417,"z":0.5703823566436768,"w":-0.30973291397094729},"size":105.32072448730469,"orthographic":false}