{"cameraMode":{"drawMode":0,"name":"Shaded","section":"Shading Mode"},"sceneLighting":false,"audioPlay":false,"sceneViewState":{"showFog":true,"showMaterialUpdate":false,"showSkybox":true,"showFlares":true,"showImageEffects":true,"showParticleSystems":true},"in2DMode":false,"pivot":{"x":-1429.3441162109375,"y":4776.43017578125,"z":-661.8801879882813},"rotation":{"x":0.17963165044784547,"y":-0.719770610332489,"z":0.20222598314285279,"w":0.639350414276123},"size":1.127375602722168,"orthographic":false}