{"cameraMode":{"drawMode":0,"name":"Shaded","section":"Shading Mode"},"sceneLighting":false,"audioPlay":false,"sceneViewState":{"showFog":true,"showMaterialUpdate":false,"showSkybox":true,"showFlares":true,"showImageEffects":true,"showParticleSystems":true},"in2DMode":false,"pivot":{"x":-12.808103561401368,"y":31.10242462158203,"z":8.242770195007325},"rotation":{"x":-0.2465754896402359,"y":-0.12804925441741944,"z":0.032885197550058368,"w":-0.9600664377212524},"size":22.0,"orthographic":false}