{"cameraMode":{"drawMode":0,"name":"Shaded","section":"Shading Mode"},"sceneLighting":true,"audioPlay":false,"sceneViewState":{"showFog":true,"showMaterialUpdate":false,"showSkybox":true,"showFlares":true,"showImageEffects":true,"showParticleSystems":true},"in2DMode":false,"pivot":{"x":-1423.96240234375,"y":4777.05322265625,"z":-643.1583251953125},"rotation":{"x":0.7090035080909729,"y":0.042209744453430179,"z":-0.042591363191604617,"w":0.7026513814926148},"size":97.9556884765625,"orthographic":false}