{"cameraMode":{"drawMode":0,"name":"Shaded","section":"Shading Mode"},"sceneLighting":true,"audioPlay":false,"sceneViewState":{"showFog":true,"showMaterialUpdate":false,"showSkybox":true,"showFlares":true,"showImageEffects":true,"showParticleSystems":true},"in2DMode":false,"pivot":{"x":-1736.1318359375,"y":4452.22119140625,"z":-1262.8095703125},"rotation":{"x":0.022012578323483468,"y":-0.46694841980934145,"z":0.011629319749772549,"w":0.8839355707168579},"size":409.24102783203127,"orthographic":false}