{"cameraMode":{"drawMode":0,"name":"Shaded","section":"Shading Mode"},"sceneLighting":true,"audioPlay":false,"sceneViewState":{"showFog":true,"showMaterialUpdate":false,"showSkybox":true,"showFlares":true,"showImageEffects":true,"showParticleSystems":true},"in2DMode":false,"pivot":{"x":-1650.1103515625,"y":4719.0517578125,"z":61.2762451171875},"rotation":{"x":-0.056966036558151248,"y":-0.010482778772711754,"z":-0.0005981510621495545,"w":0.9983209371566773},"size":1085.7373046875,"orthographic":false}