{"cameraMode":{"drawMode":0,"name":"Shaded","section":"Shading Mode"},"sceneLighting":true,"audioPlay":false,"sceneViewState":{"showFog":true,"showMaterialUpdate":false,"showSkybox":true,"showFlares":true,"showImageEffects":true,"showParticleSystems":true},"in2DMode":false,"pivot":{"x":-1413.1834716796875,"y":4789.447265625,"z":-621.96044921875},"rotation":{"x":0.0905296802520752,"y":-0.6015729904174805,"z":0.06887805461883545,"w":0.7906771302223206},"size":238.9478302001953,"orthographic":false}