{"cameraMode":{"drawMode":0,"name":"Shaded","section":"Shading Mode"},"sceneLighting":false,"audioPlay":false,"sceneViewState":{"showFog":true,"showMaterialUpdate":false,"showSkybox":true,"showFlares":true,"showImageEffects":true,"showParticleSystems":true},"in2DMode":false,"pivot":{"x":-1351.51318359375,"y":4818.2080078125,"z":-638.1741943359375},"rotation":{"x":-0.2465754896402359,"y":-0.12804925441741944,"z":0.032885197550058368,"w":-0.9600664377212524},"size":15.030357360839844,"orthographic":false}