{"cameraMode":{"drawMode":0,"name":"Shaded","section":"Shading Mode"},"sceneLighting":false,"audioPlay":false,"sceneViewState":{"showFog":true,"showMaterialUpdate":false,"showSkybox":true,"showFlares":true,"showImageEffects":true,"showParticleSystems":true},"in2DMode":false,"pivot":{"x":-10.39019775390625,"y":30.66661834716797,"z":5.306321144104004},"rotation":{"x":-0.004205708857625723,"y":-0.6276921033859253,"z":0.0033837498631328346,"w":-0.7784510254859924},"size":6.03048038482666,"orthographic":false}