{"cameraMode":{"drawMode":0,"name":"Shaded","section":"Shading Mode"},"sceneLighting":false,"audioPlay":false,"sceneViewState":{"showFog":true,"showMaterialUpdate":false,"showSkybox":true,"showFlares":true,"showImageEffects":true,"showParticleSystems":true},"in2DMode":false,"pivot":{"x":-12.811902046203614,"y":31.773019790649415,"z":3.438788414001465},"rotation":{"x":-0.2530905306339264,"y":-0.01363308634608984,"z":0.0035642024595290424,"w":-0.9673454165458679},"size":3.630479335784912,"orthographic":false}