{"cameraMode":{"drawMode":0,"name":"Shaded","section":"Shading Mode"},"sceneLighting":true,"audioPlay":false,"sceneViewState":{"showFog":true,"showMaterialUpdate":false,"showSkybox":true,"showFlares":true,"showImageEffects":true,"showParticleSystems":true},"in2DMode":false,"pivot":{"x":-1415.313720703125,"y":4782.7314453125,"z":-647.7960205078125},"rotation":{"x":-0.07013887912034989,"y":-0.18209831416606904,"z":0.013021482154726982,"w":-0.9806917905807495},"size":90.84138488769531,"orthographic":false}