{"cameraMode":{"drawMode":0,"name":"Shaded","section":"Shading Mode"},"sceneLighting":false,"audioPlay":false,"sceneViewState":{"showFog":true,"showMaterialUpdate":false,"showSkybox":true,"showFlares":true,"showImageEffects":true,"showParticleSystems":true},"in2DMode":false,"pivot":{"x":-14.091398239135743,"y":2.4909701347351076,"z":8.141084671020508},"rotation":{"x":-0.4996890127658844,"y":-0.2558642625808716,"z":0.1573628932237625,"w":-0.8124615550041199},"size":8.768416404724121,"orthographic":false}