{"cameraMode":{"drawMode":0,"name":"Shaded","section":"Shading Mode"},"sceneLighting":true,"audioPlay":false,"sceneViewState":{"showFog":true,"showMaterialUpdate":false,"showSkybox":true,"showFlares":true,"showImageEffects":true,"showParticleSystems":true},"in2DMode":false,"pivot":{"x":-27.954368591308595,"y":62.04087829589844,"z":-22.000770568847658},"rotation":{"x":0.3358613848686218,"y":0.19412696361541749,"z":-0.07094710320234299,"w":0.9189600944519043},"size":134.16937255859376,"orthographic":false}