{"cameraMode":{"drawMode":0,"name":"Shaded","section":"Shading Mode"},"sceneLighting":false,"audioPlay":false,"sceneViewState":{"showFog":true,"showMaterialUpdate":false,"showSkybox":true,"showFlares":true,"showImageEffects":true,"showParticleSystems":true},"in2DMode":false,"pivot":{"x":6.150000095367432,"y":3.2200000286102297,"z":-32.5},"rotation":{"x":0.2872595489025116,"y":0.4763008952140808,"z":-0.16811464726924897,"w":0.8138557076454163},"size":41.117645263671878,"orthographic":false}