{"cameraMode":{"drawMode":0,"name":"Shaded","section":"Shading Mode"},"sceneLighting":false,"audioPlay":false,"sceneViewState":{"showFog":true,"showMaterialUpdate":false,"showSkybox":true,"showFlares":true,"showImageEffects":true,"showParticleSystems":true},"in2DMode":false,"pivot":{"x":-0.5536718368530273,"y":1.6245803833007813,"z":-0.69195556640625},"rotation":{"x":-0.02514277771115303,"y":0.9196320176124573,"z":-0.059684596955776218,"w":-0.38740479946136477},"size":17.33779525756836,"orthographic":false}