{"cameraMode":{"drawMode":0,"name":"Shaded","section":"Shading Mode"},"sceneLighting":true,"audioPlay":false,"sceneViewState":{"showFog":true,"showMaterialUpdate":false,"showSkybox":true,"showFlares":true,"showImageEffects":true,"showParticleSystems":true},"in2DMode":false,"pivot":{"x":0.0,"y":2.3001623153686525,"z":-0.18009376525878907},"rotation":{"x":-0.0814627930521965,"y":-0.9181444048881531,"z":0.28794077038764956,"w":-0.2597503662109375},"size":135.48208618164063,"orthographic":false}