{"cameraMode":{"drawMode":0,"name":"Shaded","section":"Shading Mode"},"sceneLighting":false,"audioPlay":false,"sceneViewState":{"showFog":true,"showMaterialUpdate":false,"showSkybox":true,"showFlares":true,"showImageEffects":true,"showParticleSystems":true},"in2DMode":false,"pivot":{"x":-1.070930004119873,"y":0.33562636375427248,"z":0.45770931243896487},"rotation":{"x":0.07719554752111435,"y":0.9227951765060425,"z":-0.26466402411460879,"w":0.2691555321216583},"size":6.235093116760254,"orthographic":false}