{"cameraMode":{"drawMode":0,"name":"Shaded","section":"Shading Mode"},"sceneLighting":false,"audioPlay":false,"sceneViewState":{"showFog":true,"showMaterialUpdate":false,"showSkybox":true,"showFlares":true,"showImageEffects":true,"showParticleSystems":true},"in2DMode":false,"pivot":{"x":-3.428020715713501,"y":1.2198619842529297,"z":-20.453588485717775},"rotation":{"x":-0.2024666666984558,"y":0.2854735255241394,"z":-0.061828676611185077,"w":-0.9347185492515564},"size":8.156551361083985,"orthographic":false}