{"cameraMode":{"drawMode":0,"name":"Shaded","section":"Shading Mode"},"sceneLighting":false,"audioPlay":false,"sceneViewState":{"showFog":true,"showMaterialUpdate":false,"showSkybox":true,"showFlares":true,"showImageEffects":true,"showParticleSystems":true},"in2DMode":false,"pivot":{"x":225.05352783203126,"y":2.4609923362731935,"z":-273.9559326171875},"rotation":{"x":0.0795133039355278,"y":0.5910739302635193,"z":-0.058708250522613528,"w":0.8005391359329224},"size":0.5547158122062683,"orthographic":false}