{"cameraMode":{"drawMode":0,"name":"Shaded","section":"Shading Mode"},"sceneLighting":false,"audioPlay":false,"sceneViewState":{"showFog":true,"showMaterialUpdate":false,"showSkybox":true,"showFlares":true,"showImageEffects":true,"showParticleSystems":true},"in2DMode":false,"pivot":{"x":-0.7809066772460938,"y":-1.8838136196136475,"z":-0.7767252922058106},"rotation":{"x":-0.0022068778052926065,"y":0.8885040283203125,"z":-0.004273414146155119,"w":-0.4588434398174286},"size":9.846566200256348,"orthographic":false}