{"cameraMode":{"drawMode":0,"name":"Shaded","section":"Shading Mode"},"sceneLighting":false,"audioPlay":false,"sceneViewState":{"showFog":true,"showMaterialUpdate":false,"showSkybox":true,"showFlares":true,"showImageEffects":true,"showParticleSystems":true},"in2DMode":false,"pivot":{"x":-12.247161865234375,"y":3.59149169921875,"z":-0.64794921875},"rotation":{"x":-0.036994725465774539,"y":-0.4060571491718292,"z":-0.016454312950372697,"w":0.912950336933136},"size":826.1747436523438,"orthographic":false}