{"cameraMode":{"drawMode":0,"name":"Shaded","section":"Shading Mode"},"sceneLighting":false,"audioPlay":false,"sceneViewState":{"showFog":true,"showMaterialUpdate":false,"showSkybox":true,"showFlares":true,"showImageEffects":true,"showParticleSystems":true},"in2DMode":false,"pivot":{"x":3.0386414527893068,"y":-1.1767982244491578,"z":2.4918572902679445},"rotation":{"x":0.002305081347003579,"y":0.5149183869361877,"z":0.0013871289556846023,"w":-0.857239842414856},"size":5.51014518737793,"orthographic":false}