{"cameraMode":{"drawMode":0,"name":"Shaded","section":"Shading Mode"},"sceneLighting":false,"audioPlay":false,"sceneViewState":{"showFog":true,"showMaterialUpdate":false,"showSkybox":true,"showFlares":true,"showImageEffects":true,"showParticleSystems":true},"in2DMode":false,"pivot":{"x":-0.5290335416793823,"y":-0.3776313066482544,"z":1.4083033800125123},"rotation":{"x":0.01269745733588934,"y":0.9614256620407105,"z":-0.04503677412867546,"w":0.27105847001075747},"size":-0.6649078130722046,"orthographic":false}