{"cameraMode":{"drawMode":0,"name":"Shaded","section":"Shading Mode"},"sceneLighting":true,"audioPlay":false,"sceneViewState":{"showFog":true,"showMaterialUpdate":false,"showSkybox":true,"showFlares":true,"showImageEffects":true,"showParticleSystems":true},"in2DMode":false,"pivot":{"x":-1435.6373291015625,"y":4767.99853515625,"z":-644.3550415039063},"rotation":{"x":-0.22785648703575135,"y":-0.5187828540802002,"z":0.14575506746768952,"w":-0.8109909296035767},"size":46.869754791259769,"orthographic":false}