{"cameraMode":{"drawMode":0,"name":"Shaded","section":"Shading Mode"},"sceneLighting":false,"audioPlay":false,"sceneViewState":{"showFog":true,"showMaterialUpdate":false,"showSkybox":true,"showFlares":true,"showImageEffects":true,"showParticleSystems":true},"in2DMode":false,"pivot":{"x":97.02860260009766,"y":2.1328048706054689,"z":6.666467189788818},"rotation":{"x":0.03703222796320915,"y":-0.9171462059020996,"z":0.0877600833773613,"w":0.3870027959346771},"size":1.8906253576278687,"orthographic":false}