{"cameraMode":{"drawMode":0,"name":"Shaded","section":"Shading Mode"},"sceneLighting":false,"audioPlay":false,"sceneViewState":{"showFog":true,"showMaterialUpdate":false,"showSkybox":true,"showFlares":true,"showImageEffects":true,"showParticleSystems":true},"in2DMode":false,"pivot":{"x":-1437.410400390625,"y":4490.12841796875,"z":-1575.57763671875},"rotation":{"x":0.6541188955307007,"y":-0.156025692820549,"z":0.14044655859470368,"w":0.726677417755127},"size":15.03818416595459,"orthographic":false}